name,state_id
aba north,6445a5414c645a56f6c95a74
aba south,6445a5414c645a56f6c95a74
arochukwu,6445a5414c645a56f6c95a74
bende,6445a5414c645a56f6c95a74
ikwuano,6445a5414c645a56f6c95a74
isiala ngwa north,6445a5414c645a56f6c95a74
isiala ngwa south,6445a5414c645a56f6c95a74
isuikwuato,6445a5414c645a56f6c95a74
obi ngwa,6445a5414c645a56f6c95a74
ohafia,6445a5414c645a56f6c95a74
osisioma,6445a5414c645a56f6c95a74
ugwunagbo,6445a5414c645a56f6c95a74
ukwa east,6445a5414c645a56f6c95a74
ukwa west,6445a5414c645a56f6c95a74
umuahia north,6445a5414c645a56f6c95a74
umuahia south,6445a5414c645a56f6c95a74
umu nneochi,6445a5414c645a56f6c95a74
demsa,6445a5424c645a56f6c95a76
fufure,6445a5424c645a56f6c95a76
ganye,6445a5424c645a56f6c95a76
gayuk,6445a5424c645a56f6c95a76
gombi,6445a5424c645a56f6c95a76
grie,6445a5424c645a56f6c95a76
hong,6445a5424c645a56f6c95a76
jada,6445a5424c645a56f6c95a76
lamurde,6445a5424c645a56f6c95a76
madagali,6445a5424c645a56f6c95a76
maiha,6445a5424c645a56f6c95a76
mayo belwa,6445a5424c645a56f6c95a76
michika,6445a5424c645a56f6c95a76
mubi north,6445a5424c645a56f6c95a76
mubi south,6445a5424c645a56f6c95a76
numan,6445a5424c645a56f6c95a76
shelleng,6445a5424c645a56f6c95a76
song,6445a5424c645a56f6c95a76
toungo,6445a5424c645a56f6c95a76
yola north,6445a5424c645a56f6c95a76
yola south,6445a5424c645a56f6c95a76
abak,6445a5424c645a56f6c95a78
eastern obolo,6445a5424c645a56f6c95a78
eket,6445a5424c645a56f6c95a78
esit eket,6445a5424c645a56f6c95a78
essien udim,6445a5424c645a56f6c95a78
etim ekpo,6445a5424c645a56f6c95a78
etinan,6445a5424c645a56f6c95a78
ibeno,6445a5424c645a56f6c95a78
ibesikpo asutan,6445a5424c645a56f6c95a78
ibiono-ibom,6445a5424c645a56f6c95a78
ika,6445a5424c645a56f6c95a78
ikono,6445a5424c645a56f6c95a78
ikot abasi,6445a5424c645a56f6c95a78
ikot ekpene,6445a5424c645a56f6c95a78
ini,6445a5424c645a56f6c95a78
itu,6445a5424c645a56f6c95a78
mbo,6445a5424c645a56f6c95a78
mkpat-enin,6445a5424c645a56f6c95a78
nsit-atai,6445a5424c645a56f6c95a78
nsit-ibom,6445a5424c645a56f6c95a78
nsit-ubium,6445a5424c645a56f6c95a78
obot akara,6445a5424c645a56f6c95a78
okobo,6445a5424c645a56f6c95a78
onna,6445a5424c645a56f6c95a78
oron,6445a5424c645a56f6c95a78
oruk anam,6445a5424c645a56f6c95a78
udung-uko,6445a5424c645a56f6c95a78
ukanafun,6445a5424c645a56f6c95a78
uruan,6445a5424c645a56f6c95a78
urue-offong/oruko,6445a5424c645a56f6c95a78
uyo,6445a5424c645a56f6c95a78
aguata,6445a5424c645a56f6c95a96
anambra east,6445a5424c645a56f6c95a96
anambra west,6445a5424c645a56f6c95a96
anaocha,6445a5424c645a56f6c95a96
awka north,6445a5424c645a56f6c95a96
awka south,6445a5424c645a56f6c95a96
ayamelum,6445a5424c645a56f6c95a96
dunukofia,6445a5424c645a56f6c95a96
ekwusigo,6445a5424c645a56f6c95a96
idemili north,6445a5424c645a56f6c95a96
idemili south,6445a5424c645a56f6c95a96
ihiala,6445a5424c645a56f6c95a96
njikoka,6445a5424c645a56f6c95a96
nnewi north,6445a5424c645a56f6c95a96
nnewi south,6445a5424c645a56f6c95a96
ogbaru,6445a5424c645a56f6c95a96
onitsha north,6445a5424c645a56f6c95a96
onitsha south,6445a5424c645a56f6c95a96
orumba north,6445a5424c645a56f6c95a96
orumba south,6445a5424c645a56f6c95a96
oyi,6445a5424c645a56f6c95a96
alkaleri,6445a5424c645a56f6c95a8e
bauchi,6445a5424c645a56f6c95a8e
bogoro,6445a5424c645a56f6c95a8e
damban,6445a5424c645a56f6c95a8e
darazo,6445a5424c645a56f6c95a8e
dass,6445a5424c645a56f6c95a8e
gamawa,6445a5424c645a56f6c95a8e
ganjuwa,6445a5424c645a56f6c95a8e
giade,6445a5424c645a56f6c95a8e
itas/gadau,6445a5424c645a56f6c95a8e
jama'are,6445a5424c645a56f6c95a8e
katagum,6445a5424c645a56f6c95a8e
kirfi,6445a5424c645a56f6c95a8e
misau,6445a5424c645a56f6c95a8e
ningi,6445a5424c645a56f6c95a8e
shira,6445a5424c645a56f6c95a8e
tafawa balewa,6445a5424c645a56f6c95a8e
toro,6445a5424c645a56f6c95a8e
warji,6445a5424c645a56f6c95a8e
zaki,6445a5424c645a56f6c95a8e
brass,6445a5424c645a56f6c95a7a
ekeremor,6445a5424c645a56f6c95a7a
kolokuma/opokuma,6445a5424c645a56f6c95a7a
nembe,6445a5424c645a56f6c95a7a
ogbia,6445a5424c645a56f6c95a7a
sagbama,6445a5424c645a56f6c95a7a
southern ijaw,6445a5424c645a56f6c95a7a
yenagoa,6445a5424c645a56f6c95a7a
agatu,6445a5424c645a56f6c95a7c
apa,6445a5424c645a56f6c95a7c
ado,6445a5424c645a56f6c95a7c
buruku,6445a5424c645a56f6c95a7c
gboko,6445a5424c645a56f6c95a7c
guma,6445a5424c645a56f6c95a7c
gwer east,6445a5424c645a56f6c95a7c
gwer west,6445a5424c645a56f6c95a7c
katsina-ala,6445a5424c645a56f6c95a7c
konshisha,6445a5424c645a56f6c95a7c
kwande,6445a5424c645a56f6c95a7c
logo,6445a5424c645a56f6c95a7c
makurdi,6445a5424c645a56f6c95a7c
obi,6445a5424c645a56f6c95a7c
ogbadibo,6445a5424c645a56f6c95a7c
ohimini,6445a5424c645a56f6c95a7c
oju,6445a5424c645a56f6c95a7c
okpokwu,6445a5424c645a56f6c95a7c
oturkpo,6445a5424c645a56f6c95a7c
tarka,6445a5424c645a56f6c95a7c
ukum,6445a5424c645a56f6c95a7c
ushongo,6445a5424c645a56f6c95a7c
vandeikya,6445a5424c645a56f6c95a7c
abadam,6445a5424c645a56f6c95a7e
askira/uba,6445a5424c645a56f6c95a7e
bama,6445a5424c645a56f6c95a7e
bayo,6445a5424c645a56f6c95a7e
biu,6445a5424c645a56f6c95a7e
chibok,6445a5424c645a56f6c95a7e
damboa,6445a5424c645a56f6c95a7e
dikwa,6445a5424c645a56f6c95a7e
gubio,6445a5424c645a56f6c95a7e
guzamala,6445a5424c645a56f6c95a7e
gwoza,6445a5424c645a56f6c95a7e
hawul,6445a5424c645a56f6c95a7e
jere,6445a5424c645a56f6c95a7e
kaga,6445a5424c645a56f6c95a7e
kala/balge,6445a5424c645a56f6c95a7e
konduga,6445a5424c645a56f6c95a7e
kukawa,6445a5424c645a56f6c95a7e
kwaya kusar,6445a5424c645a56f6c95a7e
mafa,6445a5424c645a56f6c95a7e
magumeri,6445a5424c645a56f6c95a7e
maiduguri,6445a5424c645a56f6c95a7e
marte,6445a5424c645a56f6c95a7e
mobbar,6445a5424c645a56f6c95a7e
monguno,6445a5424c645a56f6c95a7e
ngala,6445a5424c645a56f6c95a7e
nganzai,6445a5424c645a56f6c95a7e
shani,6445a5424c645a56f6c95a7e
abi,6445a5424c645a56f6c95a80
akamkpa,6445a5424c645a56f6c95a80
akpabuyo,6445a5424c645a56f6c95a80
bakassi,6445a5424c645a56f6c95a80
bekwarra,6445a5424c645a56f6c95a80
biase,6445a5424c645a56f6c95a80
boki,6445a5424c645a56f6c95a80
calabar municipal,6445a5424c645a56f6c95a80
calabar south,6445a5424c645a56f6c95a80
etung,6445a5424c645a56f6c95a80
ikom,6445a5424c645a56f6c95a80
obanliku,6445a5424c645a56f6c95a80
obubra,6445a5424c645a56f6c95a80
obudu,6445a5424c645a56f6c95a80
odukpani,6445a5424c645a56f6c95a80
ogoja,6445a5424c645a56f6c95a80
yakuur,6445a5424c645a56f6c95a80
yala,6445a5424c645a56f6c95a80
aniocha north,6445a5424c645a56f6c95a82
aniocha south,6445a5424c645a56f6c95a82
bomadi,6445a5424c645a56f6c95a82
burutu,6445a5424c645a56f6c95a82
ethiope east,6445a5424c645a56f6c95a82
ethiope west,6445a5424c645a56f6c95a82
ika north east,6445a5424c645a56f6c95a82
ika south,6445a5424c645a56f6c95a82
isoko north,6445a5424c645a56f6c95a82
isoko south,6445a5424c645a56f6c95a82
ndokwa east,6445a5424c645a56f6c95a82
ndokwa west,6445a5424c645a56f6c95a82
okpe,6445a5424c645a56f6c95a82
oshimili north,6445a5424c645a56f6c95a82
oshimili south,6445a5424c645a56f6c95a82
patani,6445a5424c645a56f6c95a82
sapele,6445a5424c645a56f6c95a82
udu,6445a5424c645a56f6c95a82
ughelli north,6445a5424c645a56f6c95a82
ughelli south,6445a5424c645a56f6c95a82
ukwuani,6445a5424c645a56f6c95a82
uvwie,6445a5424c645a56f6c95a82
warri north,6445a5424c645a56f6c95a82
warri south,6445a5424c645a56f6c95a82
warri south west,6445a5424c645a56f6c95a82
abakaliki,6445a5434c645a56f6c95abc
afikpo north,6445a5434c645a56f6c95abc
afikpo south,6445a5434c645a56f6c95abc
ebonyi,6445a5434c645a56f6c95abc
ezza north,6445a5434c645a56f6c95abc
ezza south,6445a5434c645a56f6c95abc
ikwo,6445a5434c645a56f6c95abc
ishielu,6445a5434c645a56f6c95abc
ivo,6445a5434c645a56f6c95abc
izzi,6445a5434c645a56f6c95abc
ohaozara,6445a5434c645a56f6c95abc
ohaukwu,6445a5434c645a56f6c95abc
onicha,6445a5434c645a56f6c95abc
akoko-edo,6445a5424c645a56f6c95a86
egor,6445a5424c645a56f6c95a86
esan central,6445a5424c645a56f6c95a86
esan north-east,6445a5424c645a56f6c95a86
esan south-east,6445a5424c645a56f6c95a86
esan west,6445a5424c645a56f6c95a86
etsako central,6445a5424c645a56f6c95a86
etsako east,6445a5424c645a56f6c95a86
etsako west,6445a5424c645a56f6c95a86
igueben,6445a5424c645a56f6c95a86
ikpoba okha,6445a5424c645a56f6c95a86
orhionmwon,6445a5424c645a56f6c95a86
oredo,6445a5424c645a56f6c95a86
ovia north-east,6445a5424c645a56f6c95a86
ovia south-west,6445a5424c645a56f6c95a86
owan east,6445a5424c645a56f6c95a86
owan west,6445a5424c645a56f6c95a86
uhunmwonde,6445a5424c645a56f6c95a86
ado ekiti,6445a5424c645a56f6c95a88
efon,6445a5424c645a56f6c95a88
ekiti east,6445a5424c645a56f6c95a88
ekiti south-west,6445a5424c645a56f6c95a88
ekiti west,6445a5424c645a56f6c95a88
emure,6445a5424c645a56f6c95a88
gbonyin,6445a5424c645a56f6c95a88
ido osi,6445a5424c645a56f6c95a88
ijero,6445a5424c645a56f6c95a88
ikere,6445a5424c645a56f6c95a88
ikole,6445a5424c645a56f6c95a88
ilejemeje,6445a5424c645a56f6c95a88
irepodun/ifelodun,6445a5424c645a56f6c95a88
ise/orun,6445a5424c645a56f6c95a88
moba,6445a5424c645a56f6c95a88
oye,6445a5424c645a56f6c95a88
aninri,6445a5434c645a56f6c95abe
awgu,6445a5434c645a56f6c95abe
enugu east,6445a5434c645a56f6c95abe
enugu north,6445a5434c645a56f6c95abe
enugu south,6445a5434c645a56f6c95abe
ezeagu,6445a5434c645a56f6c95abe
igbo etiti,6445a5434c645a56f6c95abe
igbo eze north,6445a5434c645a56f6c95abe
igbo eze south,6445a5434c645a56f6c95abe
isi uzo,6445a5434c645a56f6c95abe
nkanu east,6445a5434c645a56f6c95abe
nkanu west,6445a5434c645a56f6c95abe
nsukka,6445a5434c645a56f6c95abe
oji river,6445a5434c645a56f6c95abe
udenu,6445a5434c645a56f6c95abe
udi,6445a5434c645a56f6c95abe
uzo uwani,6445a5434c645a56f6c95abe
abaji,6445a5424c645a56f6c95a8a
bwari,6445a5424c645a56f6c95a8a
gwagwalada,6445a5424c645a56f6c95a8a
kuje,6445a5424c645a56f6c95a8a
kwali,6445a5424c645a56f6c95a8a
municipal area council,6445a5424c645a56f6c95a8a
akko,6445a5424c645a56f6c95a8c
balanga,6445a5424c645a56f6c95a8c
billiri,6445a5424c645a56f6c95a8c
dukku,6445a5424c645a56f6c95a8c
funakaye,6445a5424c645a56f6c95a8c
gombe,6445a5424c645a56f6c95a8c
kaltungo,6445a5424c645a56f6c95a8c
kwami,6445a5424c645a56f6c95a8c
nafada,6445a5424c645a56f6c95a8c
shongom,6445a5424c645a56f6c95a8c
yamaltu/deba,6445a5424c645a56f6c95a8c
aboh mbaise,6445a5424c645a56f6c95a90
ahiazu mbaise,6445a5424c645a56f6c95a90
ehime mbano,6445a5424c645a56f6c95a90
ezinihitte,6445a5424c645a56f6c95a90
ideato north,6445a5424c645a56f6c95a90
ideato south,6445a5424c645a56f6c95a90
ihitte/uboma,6445a5424c645a56f6c95a90
ikeduru,6445a5424c645a56f6c95a90
isiala mbano,6445a5424c645a56f6c95a90
isu,6445a5424c645a56f6c95a90
mbaitoli,6445a5424c645a56f6c95a90
ngor okpala,6445a5424c645a56f6c95a90
njaba,6445a5424c645a56f6c95a90
nkwerre,6445a5424c645a56f6c95a90
nwangele,6445a5424c645a56f6c95a90
obowo,6445a5424c645a56f6c95a90
oguta,6445a5424c645a56f6c95a90
ohaji/egbema,6445a5424c645a56f6c95a90
okigwe,6445a5424c645a56f6c95a90
orlu,6445a5424c645a56f6c95a90
orsu,6445a5424c645a56f6c95a90
oru east,6445a5424c645a56f6c95a90
oru west,6445a5424c645a56f6c95a90
owerri municipal,6445a5424c645a56f6c95a90
owerri north,6445a5424c645a56f6c95a90
owerri west,6445a5424c645a56f6c95a90
unuimo,6445a5424c645a56f6c95a90
auyo,6445a5424c645a56f6c95a92
babura,6445a5424c645a56f6c95a92
biriniwa,6445a5424c645a56f6c95a92
birnin kudu,6445a5424c645a56f6c95a92
buji,6445a5424c645a56f6c95a92
dutse,6445a5424c645a56f6c95a92
gagarawa,6445a5424c645a56f6c95a92
garki,6445a5424c645a56f6c95a92
gumel,6445a5424c645a56f6c95a92
guri,6445a5424c645a56f6c95a92
gwaram,6445a5424c645a56f6c95a92
gwiwa,6445a5424c645a56f6c95a92
hadejia,6445a5424c645a56f6c95a92
jahun,6445a5424c645a56f6c95a92
kafin hausa,6445a5424c645a56f6c95a92
kazaure,6445a5424c645a56f6c95a92
kiri kasama,6445a5424c645a56f6c95a92
kiyawa,6445a5424c645a56f6c95a92
kaugama,6445a5424c645a56f6c95a92
maigatari,6445a5424c645a56f6c95a92
malam madori,6445a5424c645a56f6c95a92
miga,6445a5424c645a56f6c95a92
ringim,6445a5424c645a56f6c95a92
roni,6445a5424c645a56f6c95a92
sule tankarkar,6445a5424c645a56f6c95a92
taura,6445a5424c645a56f6c95a92
yankwashi,6445a5424c645a56f6c95a92
birnin gwari,6445a5434c645a56f6c95ab8
chikun,6445a5434c645a56f6c95ab8
giwa,6445a5434c645a56f6c95ab8
igabi,6445a5434c645a56f6c95ab8
ikara,6445a5434c645a56f6c95ab8
jaba,6445a5434c645a56f6c95ab8
jema'a,6445a5434c645a56f6c95ab8
kachia,6445a5434c645a56f6c95ab8
kaduna north,6445a5434c645a56f6c95ab8
kaduna south,6445a5434c645a56f6c95ab8
kagarko,6445a5434c645a56f6c95ab8
kajuru,6445a5434c645a56f6c95ab8
kaura,6445a5434c645a56f6c95ab8
kauru,6445a5434c645a56f6c95ab8
kubau,6445a5434c645a56f6c95ab8
kudan,6445a5434c645a56f6c95ab8
lere,6445a5434c645a56f6c95ab8
makarfi,6445a5434c645a56f6c95ab8
sabon gari,6445a5434c645a56f6c95ab8
sanga,6445a5434c645a56f6c95ab8
soba,6445a5434c645a56f6c95ab8
zangon kataf,6445a5434c645a56f6c95ab8
zaria,6445a5434c645a56f6c95ab8
ajingi,6445a5424c645a56f6c95a94
albasu,6445a5424c645a56f6c95a94
bagwai,6445a5424c645a56f6c95a94
bebeji,6445a5424c645a56f6c95a94
bichi,6445a5424c645a56f6c95a94
bunkure,6445a5424c645a56f6c95a94
dala,6445a5424c645a56f6c95a94
dambatta,6445a5424c645a56f6c95a94
dawakin kudu,6445a5424c645a56f6c95a94
dawakin tofa,6445a5424c645a56f6c95a94
doguwa,6445a5424c645a56f6c95a94
fagge,6445a5424c645a56f6c95a94
gabasawa,6445a5424c645a56f6c95a94
garko,6445a5424c645a56f6c95a94
garun mallam,6445a5424c645a56f6c95a94
gaya,6445a5424c645a56f6c95a94
gezawa,6445a5424c645a56f6c95a94
gwale,6445a5424c645a56f6c95a94
gwarzo,6445a5424c645a56f6c95a94
kabo,6445a5424c645a56f6c95a94
kano municipal,6445a5424c645a56f6c95a94
karaye,6445a5424c645a56f6c95a94
kibiya,6445a5424c645a56f6c95a94
kiru,6445a5424c645a56f6c95a94
kumbotso,6445a5424c645a56f6c95a94
kunchi,6445a5424c645a56f6c95a94
kura,6445a5424c645a56f6c95a94
madobi,6445a5424c645a56f6c95a94
makoda,6445a5424c645a56f6c95a94
minjibir,6445a5424c645a56f6c95a94
nasarawa,6445a5424c645a56f6c95a94
rano,6445a5424c645a56f6c95a94
rimin gado,6445a5424c645a56f6c95a94
rogo,6445a5424c645a56f6c95a94
shanono,6445a5424c645a56f6c95a94
sumaila,6445a5424c645a56f6c95a94
takai,6445a5424c645a56f6c95a94
tarauni,6445a5424c645a56f6c95a94
tofa,6445a5424c645a56f6c95a94
tsanyawa,6445a5424c645a56f6c95a94
tudun wada,6445a5424c645a56f6c95a94
ungogo,6445a5424c645a56f6c95a94
warawa,6445a5424c645a56f6c95a94
wudil,6445a5424c645a56f6c95a94
bakori,6445a5434c645a56f6c95aba
batagarawa,6445a5434c645a56f6c95aba
batsari,6445a5434c645a56f6c95aba
baure,6445a5434c645a56f6c95aba
bindawa,6445a5434c645a56f6c95aba
charanchi,6445a5434c645a56f6c95aba
dandume,6445a5434c645a56f6c95aba
danja,6445a5434c645a56f6c95aba
dan musa,6445a5434c645a56f6c95aba
daura,6445a5434c645a56f6c95aba
dutsi,6445a5434c645a56f6c95aba
dutsin ma,6445a5434c645a56f6c95aba
faskari,6445a5434c645a56f6c95aba
funtua,6445a5434c645a56f6c95aba
ingawa,6445a5434c645a56f6c95aba
jibia,6445a5434c645a56f6c95aba
kafur,6445a5434c645a56f6c95aba
kaita,6445a5434c645a56f6c95aba
kankara,6445a5434c645a56f6c95aba
kankia,6445a5434c645a56f6c95aba
katsina,6445a5434c645a56f6c95aba
kurfi,6445a5434c645a56f6c95aba
kusada,6445a5434c645a56f6c95aba
mai'adua,6445a5434c645a56f6c95aba
malumfashi,6445a5434c645a56f6c95aba
mani,6445a5434c645a56f6c95aba
mashi,6445a5434c645a56f6c95aba
matazu,6445a5434c645a56f6c95aba
musawa,6445a5434c645a56f6c95aba
rimi,6445a5434c645a56f6c95aba
sabuwa,6445a5434c645a56f6c95aba
safana,6445a5434c645a56f6c95aba
sandamu,6445a5434c645a56f6c95aba
zango,6445a5434c645a56f6c95aba
aleiro,6445a5424c645a56f6c95a98
arewa dandi,6445a5424c645a56f6c95a98
argungu,6445a5424c645a56f6c95a98
augie,6445a5424c645a56f6c95a98
bagudo,6445a5424c645a56f6c95a98
birnin kebbi,6445a5424c645a56f6c95a98
bunza,6445a5424c645a56f6c95a98
dandi,6445a5424c645a56f6c95a98
fakai,6445a5424c645a56f6c95a98
gwandu,6445a5424c645a56f6c95a98
jega,6445a5424c645a56f6c95a98
kalgo,6445a5424c645a56f6c95a98
koko/besse,6445a5424c645a56f6c95a98
maiyama,6445a5424c645a56f6c95a98
ngaski,6445a5424c645a56f6c95a98
sakaba,6445a5424c645a56f6c95a98
shanga,6445a5424c645a56f6c95a98
suru,6445a5424c645a56f6c95a98
wasagu/danko,6445a5424c645a56f6c95a98
yauri,6445a5424c645a56f6c95a98
zuru,6445a5424c645a56f6c95a98
adavi,6445a5424c645a56f6c95a9a
ajaokuta,6445a5424c645a56f6c95a9a
ankpa,6445a5424c645a56f6c95a9a
bassa,6445a5424c645a56f6c95a9a
dekina,6445a5424c645a56f6c95a9a
ibaji,6445a5424c645a56f6c95a9a
idah,6445a5424c645a56f6c95a9a
igalamela odolu,6445a5424c645a56f6c95a9a
ijumu,6445a5424c645a56f6c95a9a
kabba/bunu,6445a5424c645a56f6c95a9a
kogi,6445a5424c645a56f6c95a9a
lokoja,6445a5424c645a56f6c95a9a
mopa muro,6445a5424c645a56f6c95a9a
ofu,6445a5424c645a56f6c95a9a
ogori/magongo,6445a5424c645a56f6c95a9a
okehi,6445a5424c645a56f6c95a9a
okene,6445a5424c645a56f6c95a9a
olamaboro,6445a5424c645a56f6c95a9a
omala,6445a5424c645a56f6c95a9a
yagba east,6445a5424c645a56f6c95a9a
yagba west,6445a5424c645a56f6c95a9a
asa,6445a5424c645a56f6c95a9c
baruten,6445a5424c645a56f6c95a9c
edu,6445a5424c645a56f6c95a9c
ekiti,6445a5424c645a56f6c95a9c
ifelodun,6445a5424c645a56f6c95a9c
ilorin east,6445a5424c645a56f6c95a9c
ilorin south,6445a5424c645a56f6c95a9c
ilorin west,6445a5424c645a56f6c95a9c
irepodun,6445a5424c645a56f6c95a9c
isin,6445a5424c645a56f6c95a9c
kaiama,6445a5424c645a56f6c95a9c
moro,6445a5424c645a56f6c95a9c
offa,6445a5424c645a56f6c95a9c
oke ero,6445a5424c645a56f6c95a9c
oyun,6445a5424c645a56f6c95a9c
pategi,6445a5424c645a56f6c95a9c
agege,6445a5424c645a56f6c95a9e
ajeromi-ifelodun,6445a5424c645a56f6c95a9e
alimosho,6445a5424c645a56f6c95a9e
amuwo-odofin,6445a5424c645a56f6c95a9e
apapa,6445a5424c645a56f6c95a9e
badagry,6445a5424c645a56f6c95a9e
epe,6445a5424c645a56f6c95a9e
eti osa,6445a5424c645a56f6c95a9e
ibeju-lekki,6445a5424c645a56f6c95a9e
ifako-ijaiye,6445a5424c645a56f6c95a9e
ikeja,6445a5424c645a56f6c95a9e
ikorodu,6445a5424c645a56f6c95a9e
kosofe,6445a5424c645a56f6c95a9e
lagos island,6445a5424c645a56f6c95a9e
lagos mainland,6445a5424c645a56f6c95a9e
mushin,6445a5424c645a56f6c95a9e
ojo,6445a5424c645a56f6c95a9e
oshodi-isolo,6445a5424c645a56f6c95a9e
shomolu,6445a5424c645a56f6c95a9e
surulere,6445a5424c645a56f6c95a9e
akwanga,6445a5424c645a56f6c95aa0
awe,6445a5424c645a56f6c95aa0
doma,6445a5424c645a56f6c95aa0
karu,6445a5424c645a56f6c95aa0
keana,6445a5424c645a56f6c95aa0
keffi,6445a5424c645a56f6c95aa0
kokona,6445a5424c645a56f6c95aa0
lafia,6445a5424c645a56f6c95aa0
nasarawa,6445a5424c645a56f6c95aa0
nasarawa egon,6445a5424c645a56f6c95aa0
obi,6445a5424c645a56f6c95aa0
toto,6445a5424c645a56f6c95aa0
wamba,6445a5424c645a56f6c95aa0
agaie,6445a5424c645a56f6c95aa2
agwara,6445a5424c645a56f6c95aa2
bida,6445a5424c645a56f6c95aa2
borgu,6445a5424c645a56f6c95aa2
bosso,6445a5424c645a56f6c95aa2
chanchaga,6445a5424c645a56f6c95aa2
edati,6445a5424c645a56f6c95aa2
gbako,6445a5424c645a56f6c95aa2
gurara,6445a5424c645a56f6c95aa2
katcha,6445a5424c645a56f6c95aa2
kontagora,6445a5424c645a56f6c95aa2
lapai,6445a5424c645a56f6c95aa2
lavun,6445a5424c645a56f6c95aa2
magama,6445a5424c645a56f6c95aa2
mariga,6445a5424c645a56f6c95aa2
mashegu,6445a5424c645a56f6c95aa2
mokwa,6445a5424c645a56f6c95aa2
moya,6445a5424c645a56f6c95aa2
paikoro,6445a5424c645a56f6c95aa2
rafi,6445a5424c645a56f6c95aa2
rijau,6445a5424c645a56f6c95aa2
shiroro,6445a5424c645a56f6c95aa2
suleja,6445a5424c645a56f6c95aa2
tafa,6445a5424c645a56f6c95aa2
wushishi,6445a5424c645a56f6c95aa2
abeokuta north,6445a5424c645a56f6c95aa4
abeokuta south,6445a5424c645a56f6c95aa4
ado-odo/ota,6445a5424c645a56f6c95aa4
egbado north,6445a5424c645a56f6c95aa4
egbado south,6445a5424c645a56f6c95aa4
ewekoro,6445a5424c645a56f6c95aa4
ifo,6445a5424c645a56f6c95aa4
ijebu east,6445a5424c645a56f6c95aa4
ijebu north,6445a5424c645a56f6c95aa4
ijebu north east,6445a5424c645a56f6c95aa4
ijebu ode,6445a5424c645a56f6c95aa4
ikenne,6445a5424c645a56f6c95aa4
imeko afon,6445a5424c645a56f6c95aa4
ipokia,6445a5424c645a56f6c95aa4
obafemi owode,6445a5424c645a56f6c95aa4
odeda,6445a5424c645a56f6c95aa4
odogbolu,6445a5424c645a56f6c95aa4
ogun waterside,6445a5424c645a56f6c95aa4
remo north,6445a5424c645a56f6c95aa4
shagamu,6445a5424c645a56f6c95aa4
akoko north-east,6445a5424c645a56f6c95aa8
akoko north-west,6445a5424c645a56f6c95aa8
akoko south-west,6445a5424c645a56f6c95aa8
akoko south-east,6445a5424c645a56f6c95aa8
akure north,6445a5424c645a56f6c95aa8
akure south,6445a5424c645a56f6c95aa8
ese odo,6445a5424c645a56f6c95aa8
idanre,6445a5424c645a56f6c95aa8
ifedore,6445a5424c645a56f6c95aa8
ilaje,6445a5424c645a56f6c95aa8
ile oluji/okeigbo,6445a5424c645a56f6c95aa8
irele,6445a5424c645a56f6c95aa8
odigbo,6445a5424c645a56f6c95aa8
okitipupa,6445a5424c645a56f6c95aa8
ondo east,6445a5424c645a56f6c95aa8
ondo west,6445a5424c645a56f6c95aa8
ose,6445a5424c645a56f6c95aa8
owo,6445a5424c645a56f6c95aa8
atakunmosa east,6445a5424c645a56f6c95aa6
atakunmosa west,6445a5424c645a56f6c95aa6
aiyedaade,6445a5424c645a56f6c95aa6
aiyedire,6445a5424c645a56f6c95aa6
boluwaduro,6445a5424c645a56f6c95aa6
boripe,6445a5424c645a56f6c95aa6
ede north,6445a5424c645a56f6c95aa6
ede south,6445a5424c645a56f6c95aa6
ife central,6445a5424c645a56f6c95aa6
ife east,6445a5424c645a56f6c95aa6
ife north,6445a5424c645a56f6c95aa6
ife south,6445a5424c645a56f6c95aa6
egbedore,6445a5424c645a56f6c95aa6
ejigbo,6445a5424c645a56f6c95aa6
ifedayo,6445a5424c645a56f6c95aa6
ifelodun,6445a5424c645a56f6c95aa6
ila,6445a5424c645a56f6c95aa6
ilesa east,6445a5424c645a56f6c95aa6
ilesa west,6445a5424c645a56f6c95aa6
irepodun,6445a5424c645a56f6c95aa6
irewole,6445a5424c645a56f6c95aa6
isokan,6445a5424c645a56f6c95aa6
iwo,6445a5424c645a56f6c95aa6
obokun,6445a5424c645a56f6c95aa6
odo otin,6445a5424c645a56f6c95aa6
ola oluwa,6445a5424c645a56f6c95aa6
olorunda,6445a5424c645a56f6c95aa6
oriade,6445a5424c645a56f6c95aa6
orolu,6445a5424c645a56f6c95aa6
osogbo,6445a5424c645a56f6c95aa6
afijio,6445a5424c645a56f6c95aaa
akinyele,6445a5424c645a56f6c95aaa
atiba,6445a5424c645a56f6c95aaa
atisbo,6445a5424c645a56f6c95aaa
egbeda,6445a5424c645a56f6c95aaa
ibadan north,6445a5424c645a56f6c95aaa
ibadan north-east,6445a5424c645a56f6c95aaa
ibadan north-west,6445a5424c645a56f6c95aaa
ibadan south-east,6445a5424c645a56f6c95aaa
ibadan south-west,6445a5424c645a56f6c95aaa
ibarapa central,6445a5424c645a56f6c95aaa
ibarapa east,6445a5424c645a56f6c95aaa
ibarapa north,6445a5424c645a56f6c95aaa
ido,6445a5424c645a56f6c95aaa
irepo,6445a5424c645a56f6c95aaa
iseyin,6445a5424c645a56f6c95aaa
itesiwaju,6445a5424c645a56f6c95aaa
iwajowa,6445a5424c645a56f6c95aaa
kajola,6445a5424c645a56f6c95aaa
lagelu,6445a5424c645a56f6c95aaa
ogbomosho north,6445a5424c645a56f6c95aaa
ogbomosho south,6445a5424c645a56f6c95aaa
ogo oluwa,6445a5424c645a56f6c95aaa
olorunsogo,6445a5424c645a56f6c95aaa
oluyole,6445a5424c645a56f6c95aaa
ona ara,6445a5424c645a56f6c95aaa
orelope,6445a5424c645a56f6c95aaa
ori ire,6445a5424c645a56f6c95aaa
oyo,6445a5424c645a56f6c95aaa
oyo east,6445a5424c645a56f6c95aaa
saki east,6445a5424c645a56f6c95aaa
saki west,6445a5424c645a56f6c95aaa
surulere,6445a5424c645a56f6c95aaa
bokkos,6445a5424c645a56f6c95aac
barkin ladi,6445a5424c645a56f6c95aac
bassa,6445a5424c645a56f6c95aac
jos east,6445a5424c645a56f6c95aac
jos north,6445a5424c645a56f6c95aac
jos south,6445a5424c645a56f6c95aac
kanam,6445a5424c645a56f6c95aac
kanke,6445a5424c645a56f6c95aac
langtang south,6445a5424c645a56f6c95aac
langtang north,6445a5424c645a56f6c95aac
mangu,6445a5424c645a56f6c95aac
mikang,6445a5424c645a56f6c95aac
pankshin,6445a5424c645a56f6c95aac
qua'an pan,6445a5424c645a56f6c95aac
riyom,6445a5424c645a56f6c95aac
shendam,6445a5424c645a56f6c95aac
wase,6445a5424c645a56f6c95aac
abua/odual,6445a5424c645a56f6c95aae
ahoada east,6445a5424c645a56f6c95aae
ahoada west,6445a5424c645a56f6c95aae
akuku-toru,6445a5424c645a56f6c95aae
andoni,6445a5424c645a56f6c95aae
asari-toru,6445a5424c645a56f6c95aae
bonny,6445a5424c645a56f6c95aae
degema,6445a5424c645a56f6c95aae
eleme,6445a5424c645a56f6c95aae
emuoha,6445a5424c645a56f6c95aae
etche,6445a5424c645a56f6c95aae
gokana,6445a5424c645a56f6c95aae
ikwerre,6445a5424c645a56f6c95aae
khana,6445a5424c645a56f6c95aae
obio/akpor,6445a5424c645a56f6c95aae
ogba/egbema/ndoni,6445a5424c645a56f6c95aae
ogu/bolo,6445a5424c645a56f6c95aae
okrika,6445a5424c645a56f6c95aae
omuma,6445a5424c645a56f6c95aae
opobo/nkoro,6445a5424c645a56f6c95aae
oyigbo,6445a5424c645a56f6c95aae
port harcourt,6445a5424c645a56f6c95aae
tai,6445a5424c645a56f6c95aae
binji,6445a5424c645a56f6c95ab0
bodinga,6445a5424c645a56f6c95ab0
dange shuni,6445a5424c645a56f6c95ab0
gada,6445a5424c645a56f6c95ab0
goronyo,6445a5424c645a56f6c95ab0
gudu,6445a5424c645a56f6c95ab0
gwadabawa,6445a5424c645a56f6c95ab0
illela,6445a5424c645a56f6c95ab0
isa,6445a5424c645a56f6c95ab0
kebbe,6445a5424c645a56f6c95ab0
kware,6445a5424c645a56f6c95ab0
rabah,6445a5424c645a56f6c95ab0
sabon birni,6445a5424c645a56f6c95ab0
shagari,6445a5424c645a56f6c95ab0
silame,6445a5424c645a56f6c95ab0
sokoto north,6445a5424c645a56f6c95ab0
sokoto south,6445a5424c645a56f6c95ab0
tambuwal,6445a5424c645a56f6c95ab0
tangaza,6445a5424c645a56f6c95ab0
tureta,6445a5424c645a56f6c95ab0
wamako,6445a5424c645a56f6c95ab0
wurno,6445a5424c645a56f6c95ab0
yabo,6445a5424c645a56f6c95ab0
ardo kola,6445a5424c645a56f6c95ab2
bali,6445a5424c645a56f6c95ab2
donga,6445a5424c645a56f6c95ab2
gashaka,6445a5424c645a56f6c95ab2
gassol,6445a5424c645a56f6c95ab2
ibi,6445a5424c645a56f6c95ab2
jalingo,6445a5424c645a56f6c95ab2
karim lamido,6445a5424c645a56f6c95ab2
kumi,6445a5424c645a56f6c95ab2
lau,6445a5424c645a56f6c95ab2
sardauna,6445a5424c645a56f6c95ab2
takum,6445a5424c645a56f6c95ab2
ussa,6445a5424c645a56f6c95ab2
wukari,6445a5424c645a56f6c95ab2
yorro,6445a5424c645a56f6c95ab2
zing,6445a5424c645a56f6c95ab2
bade,6445a5434c645a56f6c95ab6
bursari,6445a5434c645a56f6c95ab6
damaturu,6445a5434c645a56f6c95ab6
fika,6445a5434c645a56f6c95ab6
fune,6445a5434c645a56f6c95ab6
geidam,6445a5434c645a56f6c95ab6
gujba,6445a5434c645a56f6c95ab6
gulani,6445a5434c645a56f6c95ab6
jakusko,6445a5434c645a56f6c95ab6
karasuwa,6445a5434c645a56f6c95ab6
machina,6445a5434c645a56f6c95ab6
nangere,6445a5434c645a56f6c95ab6
nguru,6445a5434c645a56f6c95ab6
potiskum,6445a5434c645a56f6c95ab6
tarmuwa,6445a5434c645a56f6c95ab6
yunusari,6445a5434c645a56f6c95ab6
yusufari,6445a5434c645a56f6c95ab6
anka,6445a5434c645a56f6c95ab4
bakura,6445a5434c645a56f6c95ab4
birnin magaji/kiyaw,6445a5434c645a56f6c95ab4
bukkuyum,6445a5434c645a56f6c95ab4
bungudu,6445a5434c645a56f6c95ab4
gummi,6445a5434c645a56f6c95ab4
gusau,6445a5434c645a56f6c95ab4
kaura namoda,6445a5434c645a56f6c95ab4
maradun,6445a5434c645a56f6c95ab4
maru,6445a5434c645a56f6c95ab4
shinkafi,6445a5434c645a56f6c95ab4
talata mafara,6445a5434c645a56f6c95ab4
chafe,6445a5434c645a56f6c95ab4
zurmi,6445a5434c645a56f6c95ab4